,ID,RA,DEC,g_mag,r_mag,i_mag,z_mag,y_mag,GAIA_g_mag,GAIA_bp_mag,GAIA_rp_mag,Mstar,Re,z,GAL_MU_E_R,pmRA,pmDEC,priority,MagnetX_noDC,MagnetY_noDC,type,MagnetX,MagnetY,SkyPosition,fibre_type,x,y,rads,angs,azAngs,angs_azAng
0,W345680804709263,344.597265564503,-31.9114176851012,17.198201101032993,16.318230019662135,15.909660063044846,15.660543660999908,0.0,0.0,0.0,0.0,10.868718900230991,4.46716411818983,0.0882555991411209,20.811264242483904,,,4.0,-84011.98242231965,159461.60316712843,1.0,-74915.48,-166512.56,,P,-74.91548,-166.51256,0.0,0.0,0.0,0.0
1,W345680758305460,344.642617501976,-32.2283618221056,17.41543241662115,17.024318079542596,16.86987014111953,16.75552061677417,0.0,0.0,0.0,0.0,9.119086955634998,3.53237177889135,0.0322999991476535,21.007524793313888,,,8.0,-73762.44455341827,87832.22820413439,1.0,-64734.43,-90649.32,,P,-64.73443,-90.64932,0.0,0.0,0.0,0.0
2,W345680559810098,344.837578083759,-31.8418027178127,16.56980917695595,15.692059563440806,15.3015119700137,14.99228231480821,0.0,0.0,0.0,0.0,10.796808991657528,2.98581718811226,0.0612999983131885,19.31025031398898,,,8.0,-29701.353070461777,175194.5857743289,1.0,-26760.77,-183273.89,,P,-26.76077,-183.27389000000002,0.0,0.0,0.0,0.0
3,W345680696207615,344.703785211433,-32.0487916240652,16.654619744790807,15.744595917321224,15.377200863152463,15.104459898219948,0.0,0.0,0.0,0.0,11.077125108912924,3.11445505281669,0.0886000022292137,19.45438093708433,,,4.0,-59938.54221614049,128415.0929612636,1.0,-53054.43,-133281.13,,P,-53.05443,-133.28113000000002,0.0,0.0,0.0,0.0
4,W345680026406842,345.36275129605,-32.1114824357523,15.919556118193835,15.083351924624791,14.716866627095497,14.492031147235627,0.0,0.0,0.0,0.0,10.954119800960106,6.15917070701484,0.0590999983251094,20.273837811977145,,,4.0,88987.79290730612,114246.96951997948,1.0,78096.08,-118727.21,,P,78.09608,-118.72721,0.0,0.0,0.0,0.0
5,W345680167905721,345.224085409262,-32.2055439467247,18.39368350456777,17.88932747666481,17.731976523572552,17.521396077858206,0.0,0.0,0.0,0.0,8.73413274607076,3.83403045914008,0.0280000008642673,22.050479952263096,,,8.0,57649.302493210715,92989.0680402166,1.0,50269.12,-96220.57,,P,50.26912,-96.22057000000001,0.0,0.0,0.0,0.0
6,W345670822613272,344.478812332198,-32.5773313430675,18.490015642958504,18.129646531399967,18.00400401432671,17.86116366983464,0.0,0.0,0.0,0.0,8.60305098286795,4.65586138552129,0.031539998948574,22.712521423149298,,,4.0,-110782.4129232498,8965.116466744646,1.0,-96450.67,-8851.86,,P,-96.45067,-8.85186,0.0,0.0,0.0,0.0
7,W346680853004927,345.749254732019,-32.2727016150469,17.108801478526637,16.445668779502427,16.07580828095201,15.86665863664297,0.0,0.0,0.0,0.0,10.29847901299817,6.56879311291344,0.0595999993383884,21.77597138015565,,,4.0,176337.56943629147,77811.43499940036,1.0,155639.64,-81040.11,,P,155.63964,-81.04011,0.0,0.0,0.0,0.0
8,W346680605703442,345.993116503206,-32.3965047885017,16.796496475813502,16.056529899802435,15.693389233959389,15.51935581872387,0.0,0.0,0.0,0.0,10.809385266870162,3.1629982041099,0.0864999964833259,19.79989930819608,,,8.0,231450.32972455976,49831.917798614864,1.0,205702.26,-51887.4,,P,205.70226,-51.8874,0.0,0.0,0.0,0.0
9,W346670765312346,345.635418919983,-32.654534107355,16.213602002697428,15.338708578413378,14.952235628898917,14.689908835127277,0.0,0.0,0.0,0.0,11.133557300378712,4.78463390611849,0.0782074332237243,19.980826827938664,,,4.0,150610.67591616165,-8482.708262230091,1.0,131637.4,8962.47,,P,131.63739999999999,8.96247,0.0,0.0,0.0,0.0
10,W345670022206363,345.274678150184,-33.1513062435161,17.731102197888212,17.260337273937708,16.989364213887107,16.906224368815494,0.0,0.0,0.0,0.0,9.658056573634086,2.90881519932952,0.0548000000417232,20.821792609930288,,,4.0,69083.26194158576,-120753.21103463991,1.0,60359.71,125477.2,,P,60.35971,125.4772,0.0,0.0,0.0,0.0
11,W345670459207797,344.839406978971,-33.0333964444221,16.987387529521982,16.08474324424567,15.709972112718308,15.496803769515616,0.0,0.0,0.0,0.0,10.918869371143984,2.95771754797721,0.0859170109033584,19.682401415915063,,,4.0,-29288.022752552937,-94105.59643939575,1.0,-25195.37,97351.6,,P,-25.19537,97.3516,0.0,0.0,0.0,0.0
12,W345671057910736,344.245284182933,-32.788211511997,17.81990678935231,17.48850191069115,17.309234561602054,17.252746141818974,0.0,0.0,0.0,0.0,8.804438253663017,6.63270931741949,0.0282600000500679,22.839831414884763,,,8.0,-163559.77465713944,-38693.80171132218,1.0,-142913.18,41003.89,,P,-142.91317999999998,41.00389,0.0,0.0,0.0,0.0
13,W345670961607517,344.339948328472,-33.0566885359049,16.186871990435556,15.498385511930149,15.179961457946154,14.991719569501347,0.0,0.0,0.0,0.0,10.574223541263464,4.29972125374161,0.0551999993622303,19.908461701928747,,,8.0,-142165.67776532235,-99369.60911450729,1.0,-124022.4,104207.51,,P,-124.02239999999999,104.20751,0.0,0.0,0.0,0.0
14,W345670754706223,344.545595998846,-33.164779811005,16.263514813941843,15.437526849788886,15.066684389956048,14.832541357936767,0.0,0.0,0.0,0.0,10.75598376309807,3.49198566449839,0.0553999990224838,19.395763792255995,,,8.0,-95689.3042608002,-123798.23728713006,1.0,-83147.13,129218.7,,P,-83.14713,129.21869999999998,0.0,0.0,0.0,0.0
15,W346681090407513,345.516188929497,-32.0567133971854,18.65706367812832,17.971630688980927,17.63139942582461,17.437908106849946,0.0,0.0,0.0,0.0,9.652635234347992,2.2920745473154,0.0582999996840953,21.015649063199184,,,4.0,123664.6980663213,126624.77223609952,1.0,109156.78,-132116.98,,P,109.15678,-132.11698,0.0,0.0,0.0,0.0
16,W345670549912385,344.748604977552,-32.6512132964828,17.553094843509605,16.80727496531606,16.425025616295365,16.18952625587538,0.0,0.0,0.0,0.0,10.165856310131396,4.33845999617796,0.0555000007152557,21.23682763349511,,,4.0,-49809.275073242134,-7732.205005113684,1.0,-43143.9,8085.81,,P,-43.1439,8.08581,0.0,0.0,0.0,0.0
17,W345670414212214,344.882952620609,-32.665232537813,17.055845547231286,16.786905553990692,16.669269286177567,16.712391318943265,0.0,0.0,0.0,0.0,9.025058642549022,9.48336750924084,0.0300399996340274,22.91459314129176,,,4.0,-19446.70774236704,-10900.553545737992,1.0,-16775.48,11223.68,,P,-16.775479999999998,11.22368,0.0,0.0,0.0,0.0
18,W346680929408423,345.674676723577,-31.981259456748,17.127300143323804,16.646045744246365,16.36361192086639,16.21772653257951,0.0,0.0,0.0,0.0,9.98014071359628,5.34441218426962,0.0586000010371208,21.52842015315696,,,4.0,159482.93952840834,143677.36277495162,1.0,141948.04,-150876.94,,P,141.94804000000002,-150.87694,0.0,0.0,0.0,0.0
19,2257919,345.069832,-32.485926,17.1466,16.8093,16.6015,16.5791,0.0,0.0,0.0,0.0,0.0,0.0,0.0,0.0,7.905278789368124,3.052872266266649,1.0,22788.03200000573,29622.72399999958,0.0,19721.91,-30496.92,,P,19.72191,-30.49692,0.0,0.0,0.0,0.0
20,2259075,345.168352,-32.692258,16.916,16.7236,16.5942,16.6039,0.0,0.0,0.0,0.0,0.0,0.0,0.0,0.0,12.742447307888405,-4.517638534535791,5.0,45053.55200000747,-17008.308000001165,0.0,39076.64,17472.47,,P,39.07664,17.47247,0.0,0.0,0.0,0.0
21,Sky-A1-1,344.5674314,-31.671823488,,,,,,,,,,,,,,,,,,,-82440.66,-226461.04,1.0,S,-82.44066000000001,-226.46104,0.0,0.0,0.0,0.0
22,Sky-A1-2,344.5144152,-31.689183141,,,,,,,,,,,,,,,,,,,-93241.17,-222232.19,1.0,S,-93.24117,-222.23219,0.0,0.0,0.0,0.0
23,Sky-A1-3,344.4624214,-31.708673382,,,,,,,,,,,,,,,,,,,-103825.7,-217488.59,1.0,S,-103.8257,-217.48859,0.0,0.0,0.0,0.0
24,Sky-A1-4,344.4158521,-31.737141039,,,,,,,,,,,,,,,,,,,-113222.22,-210479.76,2.0,S,-113.22222000000001,-210.47976,0.0,0.0,0.0,0.0
25,Sky-A1-5,344.3619697,-31.753865262,,,,,,,,,,,,,,,,,,,-124249.34,-206502.22,1.0,S,-124.24933999999999,-206.50222,0.0,0.0,0.0,0.0
26,Sky-A1-6,344.3137401,-31.779464877,,,,,,,,,,,,,,,,,,,-134041.12,-200284.9,1.0,S,-134.04112,-200.2849,0.0,0.0,0.0,0.0
27,Sky-A1-7,344.2669889,-31.806991334,,,,,,,,,,,,,,,,,,,-143522.43,-193603.65,1.0,S,-143.52242999999999,-193.60365,0.0,0.0,0.0,0.0
28,Sky-A2-1,343.7959395,-32.597278333,,,,,,,,,,,,,,,,,,,-236981.48,-2962.51,3.0,S,-236.98148,-2.9625100000000004,0.0,0.0,0.0,0.0
29,Sky-A2-2,343.7773995,-32.645194704,,,,,,,,,,,,,,,,,,,-240847.15,8585.6,1.0,S,-240.84715,8.585600000000001,0.0,0.0,0.0,0.0
30,Sky-A2-3,343.7801141,-32.693453497,,,,,,,,,,,,,,,,,,,-240155.12,20163.82,1.0,S,-240.15511999999998,20.16382,0.0,0.0,0.0,0.0
31,Sky-A2-4,343.8039813,-32.739696453,,,,,,,,,,,,,,,,,,,-234941.43,31169.26,3.0,S,-234.94143,31.169259999999998,0.0,0.0,0.0,0.0
32,Sky-A2-5,343.8120887,-32.786764867,,,,,,,,,,,,,,,,,,,-233169.65,42437.18,3.0,S,-233.16965,42.43718,0.0,0.0,0.0,0.0
33,Sky-A2-6,343.8047786,-32.836776581,,,,,,,,,,,,,,,,,,,-234754.23,54511.58,1.0,S,-234.75423,54.51158,0.0,0.0,0.0,0.0
34,Sky-A2-7,343.8184568,-32.883695909,,,,,,,,,,,,,,,,,,,-231859.57,65743.46,1.0,S,-231.85957000000002,65.74346000000001,0.0,0.0,0.0,0.0
35,Sky-A3-1,344.6351506,-33.580247657,,,,,,,,,,,,,,,,,,,-66382.14,231677.52,1.0,S,-66.38213999999999,231.67752,0.0,0.0,0.0,0.0
36,Sky-A3-2,344.6911565,-33.592629175,,,,,,,,,,,,,,,,,,,-55158.28,234603.13,1.0,S,-55.15828,234.60313,0.0,0.0,0.0,0.0
37,Sky-A3-3,344.7512919,-33.587449505,,,,,,,,,,,,,,,,,,,-43079.56,233051.82,3.0,S,-43.07956,233.05182000000002,0.0,0.0,0.0,0.0
38,Sky-A3-4,344.8050207,-33.610518665,,,,,,,,,,,,,,,,,,,-32353.57,238818.57,1.0,S,-32.35357,238.81857,0.0,0.0,0.0,0.0
39,Sky-A3-5,344.8626072,-33.61598417,,,,,,,,,,,,,,,,,,,-20825.53,240098.65,1.0,S,-20.82553,240.09865,0.0,0.0,0.0,0.0
40,Sky-A3-6,344.9204466,-33.619111013,,,,,,,,,,,,,,,,,,,-9249.26,240822.58,1.0,S,-9.24926,240.82258,0.0,0.0,0.0,0.0
41,Sky-A3-7,344.9549296,-33.619858563,,,,,,,,,,,,,,,,,,,-2348.44,240988.69,1.0,S,-2.34844,240.98869,0.0,0.0,0.0,0.0
42,Sky-A4-1,345.5550729,-33.491363905,,,,,,,,,,,,,,,,,,,117864.56,210211.82,1.0,S,117.86456,210.21182000000002,0.0,0.0,0.0,0.0
43,Sky-A4-2,345.6047406,-33.466598808,,,,,,,,,,,,,,,,,,,127842.23,204297.4,1.0,S,127.84223,204.29739999999998,0.0,0.0,0.0,0.0
44,Sky-A4-3,345.6475497,-33.433494795,,,,,,,,,,,,,,,,,,,136382.42,196267.26,2.0,S,136.38242000000002,196.26726000000002,0.0,0.0,0.0,0.0
45,Sky-A4-4,345.6994221,-33.411186457,,,,,,,,,,,,,,,,,,,146886.77,191063.71,1.0,S,146.88676999999998,191.06371,0.0,0.0,0.0,0.0
46,Sky-A4-5,345.7442138,-33.380670782,,,,,,,,,,,,,,,,,,,155909.52,183775.09,1.0,S,155.90952,183.77509,0.0,0.0,0.0,0.0
47,Sky-A4-6,345.7871657,-33.348377144,,,,,,,,,,,,,,,,,,,164571.15,176060.79,1.0,S,164.57115,176.06079,0.0,0.0,0.0,0.0
48,Sky-A4-7,345.844887,-33.327777595,,,,,,,,,,,,,,,,,,,176437.61,171422.78,0.0,S,176.43760999999998,171.42278,0.0,0.0,0.0,0.0
49,Sky-A5-1,345.9028665,-31.996589848,,,,,,,,,,,,,,,,,,,189835.88,-148470.2,1.0,S,189.83588,-148.4702,0.0,0.0,0.0,0.0
50,Sky-A5-2,345.8595394,-31.964562528,,,,,,,,,,,,,,,,,,,180958.1,-156125.48,2.0,S,180.9581,-156.12548,0.0,0.0,0.0,0.0
51,Sky-A5-3,345.8213834,-31.929203255,,,,,,,,,,,,,,,,,,,173236.67,-164651.31,2.0,S,173.23667,-164.65131,0.0,0.0,0.0,0.0
52,Sky-A5-4,345.7875929,-31.889769227,,,,,,,,,,,,,,,,,,,166495.77,-174241.85,1.0,S,166.49577,-174.24185,0.0,0.0,0.0,0.0
53,Sky-A5-5,345.7453366,-31.85740856,,,,,,,,,,,,,,,,,,,157919.43,-182050.86,1.0,S,157.91943,-182.05086,0.0,0.0,0.0,0.0
54,Sky-A5-6,345.6956917,-31.83294174,,,,,,,,,,,,,,,,,,,147740.9,-187865.98,2.0,S,147.74089999999998,-187.86598,0.0,0.0,0.0,0.0
55,Sky-A5-7,345.6556538,-31.798002466,,,,,,,,,,,,,,,,,,,139690.1,-196386.71,1.0,S,139.6901,-196.38671,0.0,0.0,0.0,0.0
56,Sky-H1-1,344.1908962,-31.858256418,,,,,,,,,,,,,,,,,,,-158928.93,-181170.25,1.0,S,-158.92892999999998,-181.17025,0.0,0.0,0.0,0.0
57,Sky-H1-2,344.1486743,-31.890674521,,,,,,,,,,,,,,,,,,,-167461.73,-173313.68,1.0,S,-167.46173000000002,-173.31368,0.0,0.0,0.0,0.0
58,Sky-H1-3,344.1083099,-31.924767514,,,,,,,,,,,,,,,,,,,-175606.63,-165055.67,1.0,S,-175.60663,-165.05567000000002,0.0,0.0,0.0,0.0
59,Sky-H1-4,344.0698964,-31.960458039,,,,,,,,,,,,,,,,,,,-183344.77,-156415.34,1.0,S,-183.34476999999998,-156.41534,0.0,0.0,0.0,0.0
60,Sky-H1-5,344.015565,-31.985625011,,,,,,,,,,,,,,,,,,,-194613.68,-150470.98,0.0,S,-194.61368,-150.47098,0.0,0.0,0.0,0.0
61,Sky-H1-6,343.9992757,-32.036303769,,,,,,,,,,,,,,,,,,,-197530.06,-138068.61,1.0,S,-197.53006,-138.06860999999998,0.0,0.0,0.0,0.0
62,Sky-H1-7,343.9672339,-32.076286374,,,,,,,,,,,,,,,,,,,-203944.34,-128404.7,1.0,S,-203.94433999999998,-128.4047,0.0,0.0,0.0,0.0
63,Sky-H1-8,343.9454362,-32.121423552,,,,,,,,,,,,,,,,,,,-208143.61,-117461.64,2.0,S,-208.14361,-117.46164,0.0,0.0,0.0,0.0
64,Sky-H2-1,343.8921394,-32.190541997,,,,,,,,,,,,,,,,,,,-218899.73,-100816.52,1.0,S,-218.89973,-100.81652,0.0,0.0,0.0,0.0
65,Sky-H2-2,343.8688962,-32.234688346,,,,,,,,,,,,,,,,,,,-223496.92,-90167.57,1.0,S,-223.49692000000002,-90.16757000000001,0.0,0.0,0.0,0.0
66,Sky-H2-3,343.8265923,-32.273109466,,,,,,,,,,,,,,,,,,,-232297.79,-80955.16,0.0,S,-232.29779000000002,-80.95516,0.0,0.0,0.0,0.0
67,Sky-H2-4,343.8300146,-32.325549193,,,,,,,,,,,,,,,,,,,-231128.77,-68268.26,1.0,S,-231.12877,-68.26826,0.0,0.0,0.0,0.0
68,Sky-H2-5,343.8234031,-32.373995566,,,,,,,,,,,,,,,,,,,-232202.51,-56594.99,2.0,S,-232.20251000000002,-56.594989999999996,0.0,0.0,0.0,0.0
69,Sky-H2-6,343.8015841,-32.419136339,,,,,,,,,,,,,,,,,,,-236620.39,-45736.79,1.0,S,-236.62039000000001,-45.73679,0.0,0.0,0.0,0.0
70,Sky-H2-7,343.791383,-32.466684131,,,,,,,,,,,,,,,,,,,-238546.93,-34299.02,1.0,S,-238.54693,-34.29902,0.0,0.0,0.0,0.0
71,Sky-H2-8,343.7930775,-32.515419911,,,,,,,,,,,,,,,,,,,-237929.62,-22594.18,2.0,S,-237.92962,-22.59418,0.0,0.0,0.0,0.0
72,Sky-H3-1,344.1949131,-33.381912781,,,,,,,,,,,,,,,,,,,-154915.77,184613.56,1.0,S,-154.91576999999998,184.61356,0.0,0.0,0.0,0.0
73,Sky-H3-2,344.2397902,-33.412366088,,,,,,,,,,,,,,,,,,,-145853.82,191853.4,1.0,S,-145.85382,191.8534,0.0,0.0,0.0,0.0
74,Sky-H3-3,344.291736,-33.434596179,,,,,,,,,,,,,,,,,,,-135321.55,197000.2,2.0,S,-135.32155,197.0002,0.0,0.0,0.0,0.0
75,Sky-H3-4,344.3395911,-33.461063616,,,,,,,,,,,,,,,,,,,-125686.32,203282.93,2.0,S,-125.68632000000001,203.28293,0.0,0.0,0.0,0.0
76,Sky-H3-5,344.3935239,-33.478778367,,,,,,,,,,,,,,,,,,,-114791.26,207345.04,3.0,S,-114.79126,207.34504,0.0,0.0,0.0,0.0
77,Sky-H3-6,344.4355005,-33.514975137,,,,,,,,,,,,,,,,,,,-106448.91,216216.77,1.0,S,-106.44891,216.21677,0.0,0.0,0.0,0.0
78,Sky-H3-7,344.4954387,-33.52129473,,,,,,,,,,,,,,,,,,,-94330.4,217418.43,3.0,S,-94.3304,217.41843,0.0,0.0,0.0,0.0
79,Sky-H3-8,344.5414433,-33.553918914,,,,,,,,,,,,,,,,,,,-85175.33,225446.72,1.0,S,-85.17533,225.44672,0.0,0.0,0.0,0.0
80,Sky-H4-1,345.0763606,-33.608067933,,,,,,,,,,,,,,,,,,,21937.0,237991.11,2.0,S,21.937,237.99111,0.0,0.0,0.0,0.0
81,Sky-H4-2,345.1347775,-33.610238178,,,,,,,,,,,,,,,,,,,33641.55,238640.54,1.0,S,33.64155,238.64054000000002,0.0,0.0,0.0,0.0
82,Sky-H4-3,345.1902035,-33.594722516,,,,,,,,,,,,,,,,,,,44710.42,234780.7,2.0,S,44.71042,234.78070000000002,0.0,0.0,0.0,0.0
83,Sky-H4-4,345.2485865,-33.592157191,,,,,,,,,,,,,,,,,,,56423.19,234302.13,1.0,S,56.423190000000005,234.30213,0.0,0.0,0.0,0.0
84,Sky-H4-5,345.3045545,-33.579682645,,,,,,,,,,,,,,,,,,,67631.1,231316.01,1.0,S,67.6311,231.31601,0.0,0.0,0.0,0.0
85,Sky-H4-6,345.3566617,-33.557621561,,,,,,,,,,,,,,,,,,,78029.35,225903.56,2.0,S,78.02935000000001,225.90356,0.0,0.0,0.0,0.0
86,Sky-H4-7,345.4139509,-33.548014586,,,,,,,,,,,,,,,,,,,89551.36,223744.53,1.0,S,89.55136,223.74453,0.0,0.0,0.0,0.0
87,Sky-H4-8,345.4671127,-33.528899242,,,,,,,,,,,,,,,,,,,100211.61,219177.32,1.0,S,100.21161000000001,219.17732,0.0,0.0,0.0,0.0
88,Sky-H5-1,346.1439251,-32.787607502,,,,,,,,,,,,,,,,,,,237341.34,41834.81,1.0,S,237.34134,41.83481,0.0,0.0,0.0,0.0
89,Sky-H5-2,346.1428693,-32.738899268,,,,,,,,,,,,,,,,,,,237095.12,30114.85,2.0,S,237.09512,30.114849999999997,0.0,0.0,0.0,0.0
90,Sky-H5-3,346.1574207,-32.691733472,,,,,,,,,,,,,,,,,,,240263.49,18828.6,1.0,S,240.26349,18.828599999999998,0.0,0.0,0.0,0.0
91,Sky-H5-4,346.150805,-32.643333237,,,,,,,,,,,,,,,,,,,238891.93,7186.56,2.0,S,238.89193,7.18656,0.0,0.0,0.0,0.0
92,Sky-H5-5,346.1506666,-32.595417467,,,,,,,,,,,,,,,,,,,238961.03,-4315.85,2.0,S,238.96103,-4.31585,0.0,0.0,0.0,0.0
93,Sky-H5-6,346.1569933,-32.54697537,,,,,,,,,,,,,,,,,,,240472.37,-15940.57,1.0,S,240.47236999999998,-15.94057,0.0,0.0,0.0,0.0
94,Sky-H5-7,346.1513502,-32.498916737,,,,,,,,,,,,,,,,,,,239426.9,-27492.24,1.0,S,239.4269,-27.492240000000002,0.0,0.0,0.0,0.0
95,Sky-H5-8,346.1429811,-32.451146333,,,,,,,,,,,,,,,,,,,237827.07,-38978.79,1.0,S,237.82707000000002,-38.978790000000004,0.0,0.0,0.0,0.0
96,Sky-H6-1,346.1224581,-32.370543524,,,,,,,,,,,,,,,,,,,233824.92,-58369.25,1.0,S,233.82492000000002,-58.36925,0.0,0.0,0.0,0.0
97,Sky-H6-2,346.1068394,-32.324080507,,,,,,,,,,,,,,,,,,,230745.73,-69551.94,1.0,S,230.74573,-69.55194,0.0,0.0,0.0,0.0
98,Sky-H6-3,346.0713009,-32.283632966,,,,,,,,,,,,,,,,,,,223362.1,-79236.18,3.0,S,223.3621,-79.23617999999999,0.0,0.0,0.0,0.0
99,Sky-H6-4,346.0678158,-32.233312469,,,,,,,,,,,,,,,,,,,222992.26,-91408.5,1.0,S,222.99226000000002,-91.4085,0.0,0.0,0.0,0.0
100,Sky-H6-5,346.0445074,-32.189215555,,,,,,,,,,,,,,,,,,,218335.96,-102031.72,1.0,S,218.33596,-102.03172,0.0,0.0,0.0,0.0
101,Sky-H6-6,346.0187415,-32.146111861,,,,,,,,,,,,,,,,,,,213173.91,-112418.61,1.0,S,213.17391,-112.41861,0.0,0.0,0.0,0.0
102,Sky-H6-7,346.0101998,-32.094111664,,,,,,,,,,,,,,,,,,,211823.33,-125087.47,0.0,S,211.82333,-125.08747,0.0,0.0,0.0,0.0
103,Sky-H6-8,345.9791209,-32.052508119,,,,,,,,,,,,,,,,,,,205560.35,-135133.06,0.0,S,205.56035,-135.13306,0.0,0.0,0.0,0.0
104,Sky-H7-1,345.5741609,-31.75323105,,,,,,,,,,,,,,,,,,,123099.56,-207189.67,1.0,S,123.09956,-207.18967,0.0,0.0,0.0,0.0
105,Sky-H7-2,345.5159966,-31.743471474,,,,,,,,,,,,,,,,,,,111112.85,-209339.28,3.0,S,111.11285000000001,-209.33928,0.0,0.0,0.0,0.0
106,Sky-H7-3,345.4736691,-31.708154021,,,,,,,,,,,,,,,,,,,102615.18,-218062.35,1.0,S,102.61518,-218.06235,0.0,0.0,0.0,0.0
107,Sky-H7-4,345.4181822,-31.69592885,,,,,,,,,,,,,,,,,,,91240.87,-220898.4,2.0,S,91.24087,-220.89839999999998,0.0,0.0,0.0,0.0
108,Sky-H7-5,345.3686283,-31.6714183,,,,,,,,,,,,,,,,,,,81180.59,-226915.79,1.0,S,81.18059,-226.91579000000002,0.0,0.0,0.0,0.0
109,Sky-H7-6,345.3146974,-31.656285212,,,,,,,,,,,,,,,,,,,70168.7,-230558.92,1.0,S,70.1687,-230.55892,0.0,0.0,0.0,0.0
110,Sky-H7-7,345.2599878,-31.643355831,,,,,,,,,,,,,,,,,,,58994.28,-233668.01,1.0,S,58.994279999999996,-233.66801,0.0,0.0,0.0,0.0
111,Sky-H7-8,345.2091351,-31.613627375,,,,,,,,,,,,,,,,,,,48673.92,-241136.58,0.0,S,48.673919999999995,-241.13657999999998,0.0,0.0,0.0,0.0
